,X1,X2,x_coord,y_coord,y,b0,b1,b2
0,0.13693100539074934,-1.896888626301885,-12.0,-12.0,1.225547177141137,3.0,1.0,1.0
1,0.7740860413888586,1.5598031116782385,-11.0,-12.0,4.9327867818648174,3.0,1.0833333333333333,1.0
2,1.3755140540929585,-1.9192089914892578,-10.0,-12.0,2.603497218872278,3.0,1.1666666666666667,1.0
3,0.6478783379189599,0.2699158448241287,-9.0,-12.0,3.4618379658626672,3.0,1.25,1.0
4,-1.8190948791533756,0.08295460012375173,-8.0,-12.0,0.8621352257013347,3.0,1.3333333333333333,1.0
5,-1.246560046032843,-0.5684968578742178,-7.0,-12.0,1.0553745471888523,3.0,1.4166666666666665,1.0
6,1.075094975767528,-1.5127332464536882,-6.0,-12.0,3.0598942257134625,3.0,1.5,1.0
7,-1.0699642302733894,-0.2876152272645583,-5.0,-12.0,1.2160643997282459,3.0,1.5833333333333333,1.0
8,0.9733575911788632,1.5357313359133473,-4.0,-12.0,6.138977078772538,3.0,1.6666666666666665,1.0
9,-0.8172208525780302,-1.2065366233748709,-3.0,-12.0,0.04237241384928714,3.0,1.75,1.0
10,0.9639373216029523,-0.954595022141256,-2.0,-12.0,3.8496873672195804,3.0,1.8333333333333333,1.0
11,-1.5365927803141908,0.21612346130404278,-1.0,-12.0,0.365587950721991,3.0,1.9166666666666665,1.0
12,-1.5917740524987707,0.3370678792917802,0.0,-12.0,0.21080289316013395,3.0,2.0,1.0
13,1.1655735937777072,1.9847047620884737,1.0,-12.0,7.6736910075688085,3.0,2.083333333333333,1.0
14,0.11120688059983988,-0.3594993601496819,2.0,-12.0,3.107541926508443,3.0,2.1666666666666665,1.0
15,1.6532046307676658,0.04141374658618453,3.0,-12.0,6.715286610813196,3.0,2.25,1.0
16,-0.3762292044046567,0.6836831835140382,4.0,-12.0,2.5892236237506543,3.0,2.333333333333333,1.0
17,-0.9607081916150517,1.0581296873269406,5.0,-12.0,1.1953502796437498,3.0,2.4166666666666665,1.0
18,1.7709285452496961,-1.2066628589204533,6.0,-12.0,5.924499085672751,3.0,2.5,1.0
19,-1.6372595882894574,1.334475904576094,7.0,-12.0,0.10470242078533211,3.0,2.583333333333333,1.0
20,-0.2651721871885244,-0.8719236375805297,8.0,-12.0,1.5760915606941501,3.0,2.6666666666666665,1.0
21,1.0277215230854009,-1.3777259917825158,9.0,-12.0,4.499791081166981,3.0,2.75,1.0
22,-0.9655265190153712,-0.3916001409330983,10.0,-12.0,0.006698149277854615,3.0,2.833333333333333,1.0
23,-0.10351379492380272,-1.14306516085584,11.0,-12.0,1.4600175444228929,3.0,2.9166666666666665,1.0
24,-1.1758901510933306,-0.24005732426671436,12.0,-12.0,-0.727306425677158,3.0,3.0,1.0
25,-0.9796884784378932,0.407752186089443,-12.0,-11.0,2.541822170138588,3.0,1.0833333333333333,1.0
26,-0.5533806605398541,-0.6013911291230516,-11.0,-11.0,2.0946659880502176,3.0,1.1666666666666667,1.1020447530864197
27,1.274216245539019,-0.9536209714138855,-10.0,-11.0,3.400278455798362,3.0,1.25,1.195216049382716
28,1.2726825284324028,0.2822685388557204,-9.0,-11.0,4.707432544805443,3.0,1.3333333333333333,1.2795138888888888
29,1.3850698497569436,-1.0575255785347621,-8.0,-11.0,3.3741750943666697,3.0,1.4166666666666665,1.3549382716049383
30,1.7168083784050956,-0.9135267992430525,-7.0,-11.0,4.6198939633615765,3.0,1.5,1.4214891975308641
31,0.12328432558546701,0.4882474068130122,-6.0,-11.0,3.70708357523443,3.0,1.5833333333333333,1.4791666666666665
32,0.7535792601800781,-0.1479236912909563,-5.0,-11.0,4.3845582296163785,3.0,1.6666666666666665,1.5279706790123457
33,-1.333814515416302,1.700316355335157,-4.0,-11.0,3.413846334989425,3.0,1.75,1.567901234567901
34,-0.44102884881922133,0.7057783815365182,-3.0,-11.0,3.4404800011649628,3.0,1.8333333333333333,1.5989583333333333
35,1.1493676302859295,0.03262011036121866,-2.0,-11.0,5.336022940251738,3.0,1.9166666666666665,1.621141975308642
36,0.9308825111265038,1.168786286254287,-1.0,-11.0,6.743319605133158,3.0,2.0,1.6344521604938271
37,1.778308683309442,0.6062090688057642,0.0,-11.0,7.602938243697095,3.0,2.083333333333333,1.6388888888888888
38,-0.8202682624139097,-0.36637464690153393,1.0,-11.0,0.38624187395654574,3.0,2.1666666666666665,1.6344521604938271
39,-0.9367787205463554,0.9930142438802314,2.0,-11.0,2.759124603710539,3.0,2.25,1.621141975308642
40,-0.7517682979795683,-0.09353731368003641,3.0,-11.0,1.2311035454011587,3.0,2.333333333333333,1.5989583333333333
41,-1.1702297618507882,-1.7810786426510623,4.0,-11.0,-2.540539266939319,3.0,2.4166666666666665,1.567901234567901
42,-0.7902306175605136,0.05703725741046535,5.0,-11.0,1.0376872177450167,3.0,2.5,1.5279706790123457
43,0.32063089188520744,-1.2712763366629687,6.0,-11.0,1.9494653558258614,3.0,2.583333333333333,1.4791666666666665
44,1.979525953143996,0.3301979300344488,7.0,-11.0,8.768149442461384,3.0,2.6666666666666665,1.4214891975308641
45,1.9222688573840268,1.2589555033027227,8.0,-11.0,10.060635360042198,3.0,2.75,1.3549382716049383
46,-1.7453855463994912,-0.5966769411810942,9.0,-11.0,-3.060878990297098,3.0,2.833333333333333,1.2795138888888888
47,-1.3977783467926073,-0.7707995094478359,10.0,-11.0,-1.6429587302540232,3.0,2.9166666666666665,1.195216049382716
48,0.24451206990600619,-1.9223308804533292,11.0,-11.0,1.157742525266198,3.0,3.0,1.1020447530864197
49,0.2370829945246458,0.14516685841204444,12.0,-11.0,4.0384402776289505,3.0,3.083333333333333,1.0
50,1.7861541058249197,-1.8894886079977031,-12.0,-10.0,2.73219788082758,3.0,1.1666666666666667,1.0
51,0.12042610862800632,2.015319602475811,-11.0,-10.0,5.673332678730219,3.0,1.25,1.195216049382716
52,-0.9513554934822754,-0.4845526121878712,-10.0,-10.0,1.0588047244622674,3.0,1.3333333333333333,1.373456790123457
53,-0.9207986588689536,1.7643680496687042,-9.0,-10.0,4.179750100175669,3.0,1.4166666666666665,1.5347222222222223
54,-0.41662630139460166,0.0788149142633265,-8.0,-10.0,2.8576700013345513,3.0,1.5,1.6790123456790123
55,1.4735970675255783,1.3160259867580157,-7.0,-10.0,7.43657291177176,3.0,1.5833333333333333,1.8063271604938271
56,-1.6911747388485123,0.21764097125466428,-6.0,-10.0,0.4653357769569454,3.0,1.6666666666666665,1.9166666666666665
57,-0.16216745721439094,0.47640333356290626,-5.0,-10.0,3.3974097242752803,3.0,1.75,2.010030864197531
58,-0.36617801580574083,1.5560675135557689,-4.0,-10.0,5.493199065260279,3.0,1.8333333333333333,2.0864197530864197
59,1.9154465195828028,1.0292114850449627,-3.0,-10.0,8.780129284534544,3.0,1.9166666666666665,2.145833333333333
60,-0.7531053615341352,-0.00856712950546194,-2.0,-10.0,1.4418754849002462,3.0,2.0,2.1882716049382713
61,-1.3384218341139125,-1.2437337533073667,-1.0,-10.0,-2.300453895275771,3.0,2.083333333333333,2.2137345679012346
62,0.5986143192684903,-1.6936930477221657,0.0,-10.0,0.8768878718673588,3.0,2.1666666666666665,2.2222222222222223
63,-1.7836412548172258,1.7296993218200993,1.0,-10.0,2.8865895646741664,3.0,2.25,2.2137345679012346
64,0.9671442098121981,0.2540198052250681,2.0,-10.0,6.172604964325093,3.0,2.333333333333333,2.1882716049382713
65,-0.8662190487918213,0.9751748233386965,3.0,-10.0,3.315696656724224,3.0,2.4166666666666665,2.145833333333333
66,2.004328438268173,0.9233866461781195,4.0,-10.0,9.814490610985008,3.0,2.5,2.0864197530864197
67,0.7101910545783747,1.7506590325630238,5.0,-10.0,8.575620155875994,3.0,2.583333333333333,2.010030864197531
68,1.3309461087978485,1.4275236435026104,6.0,-10.0,9.387728477673708,3.0,2.6666666666666665,1.9166666666666665
69,-0.8318055744292754,1.8302561023934214,7.0,-10.0,3.8233626948544663,3.0,2.75,1.8063271604938271
70,0.4389387747422897,-1.9160408221463376,8.0,-10.0,1.2399689316948201,3.0,2.833333333333333,1.6790123456790123
71,1.8026071578117304,1.321609225839356,9.0,-10.0,9.81269170210938,3.0,2.9166666666666665,1.5347222222222223
72,-1.0551860381970601,-0.042400570077737496,10.0,-10.0,0.18633410375070805,3.0,3.0,1.373456790123457
73,-1.154102399118179,0.47847319390206494,11.0,-10.0,-0.3161891262614485,3.0,3.083333333333333,1.195216049382716
74,-1.9197901276996552,1.8712828616138621,12.0,-10.0,-1.3781831252676329,3.0,3.1666666666666665,1.0
75,1.8588668503271801,0.7512771562376808,-12.0,-9.0,6.107513486782625,3.0,1.25,1.0
76,-0.20907609057876983,-1.5727122867782197,-11.0,-9.0,0.9794834600252308,3.0,1.3333333333333333,1.2795138888888888
77,-0.1779296903861218,1.644373969877911,-10.0,-9.0,5.470522262466433,3.0,1.4166666666666665,1.534722222222222
78,1.7672794388136648,-1.6130032047239367,-9.0,-9.0,2.6190218074066003,3.0,1.5,1.765625
79,-0.1886834603413949,0.16068244638700843,-8.0,-9.0,2.8869137248948498,3.0,1.5833333333333333,1.972222222222222
80,-1.0808560209239673,-0.8288153332147761,-7.0,-9.0,-0.5273683885926485,3.0,1.6666666666666665,2.154513888888889
81,1.5184225607605093,1.5095394813252458,-6.0,-9.0,9.062966095478926,3.0,1.75,2.3125
82,-1.813408948411789,0.2274248922182058,-5.0,-9.0,0.17764914007592153,3.0,1.8333333333333333,2.4461805555555554
83,1.6814455289698036,0.3515814772639178,-4.0,-9.0,6.926678445912131,3.0,1.9166666666666665,2.5555555555555554
84,-1.313051003544186,-1.7558734776994294,-3.0,-9.0,-4.299466903986831,3.0,2.0,2.640625
85,0.7507998875030699,0.09872342720319578,-2.0,-9.0,4.643253861261922,3.0,2.083333333333333,2.7013888888888884
86,-1.474471708627635,-1.9452473565848287,-1.0,-9.0,-5.381473972003244,3.0,2.1666666666666665,2.7378472222222223
87,-0.4814754445305591,-0.06105657413378322,0.0,-9.0,2.0947726319958733,3.0,2.25,2.75
88,0.36396798656686036,1.456744703196861,1.0,-9.0,7.802545824102362,3.0,2.333333333333333,2.7378472222222223
89,0.8346642959041062,-1.823176650528022,2.0,-9.0,-0.05670105996744945,3.0,2.4166666666666665,2.7013888888888884
90,0.1382999408578929,-0.333254312795549,3.0,-9.0,1.9180165434731429,3.0,2.5,2.640625
91,0.422774471259975,-1.1193527632050608,4.0,-9.0,0.8481899392848684,3.0,2.583333333333333,2.5555555555555554
92,1.009051235293482,1.5254532049186735,5.0,-9.0,9.257007102835587,3.0,2.6666666666666665,2.4461805555555554
93,1.7021655886757179,-1.2005130879082946,6.0,-9.0,5.065483886213046,3.0,2.75,2.3125
94,-0.8708949230906389,0.8398116442307846,7.0,-9.0,2.175431224540263,3.0,2.833333333333333,2.154513888888889
95,-0.7820523568436473,1.6808451018936228,8.0,-9.0,4.125718587945786,3.0,2.9166666666666665,1.972222222222222
96,-1.42719586306055,0.8197725347768852,9.0,-9.0,0.14707483559810897,3.0,3.0,1.765625
97,-0.9823719867835776,-0.18866920795750478,10.0,-9.0,-0.32330159952844745,3.0,3.083333333333333,1.534722222222222
98,0.0798065257811347,1.4312457238890135,11.0,-9.0,5.351626104299636,3.0,3.1666666666666665,1.2795138888888888
99,1.9879082157582593,-0.6140266434974759,12.0,-9.0,9.27834133082405,3.0,3.25,1.0
100,0.2549307416608153,-1.7052495123509834,-12.0,-8.0,1.7965577366190364,3.0,1.3333333333333333,1.0
101,1.2803667180851357,-0.12932582609238732,-11.0,-8.0,4.53553985163621,3.0,1.4166666666666665,1.3549382716049383
102,1.3098305696701074,0.9668711911915395,-10.0,-8.0,7.084761699237046,3.0,1.5,1.6790123456790123
103,-0.16728759414529334,-0.6030440882649437,-9.0,-8.0,1.2966841436757364,3.0,1.5833333333333333,1.9722222222222223
104,2.0174174596155576,0.6008979653881716,-8.0,-8.0,7.75563440854298,3.0,1.6666666666666665,2.234567901234568
105,-0.5690501093773257,-1.1708372442123987,-7.0,-8.0,-0.7133576151062626,3.0,1.75,2.466049382716049
106,1.560433535228583,0.40035397426591873,-6.0,-8.0,6.5443981109068545,3.0,1.8333333333333333,2.6666666666666665
107,1.650006399747857,-0.48568069179532253,-5.0,-8.0,4.789201237142693,3.0,1.9166666666666665,2.8364197530864197
108,0.7649282547670992,-1.2709829533407169,-4.0,-8.0,0.6204932898573421,3.0,2.0,2.9753086419753085
109,0.0771512621615629,-1.9676781196296338,-3.0,-8.0,-2.969682945108625,3.0,2.083333333333333,3.083333333333333
110,-0.47830170842499387,1.6624252419036283,-2.0,-8.0,7.383294333897509,3.0,2.1666666666666665,3.1604938271604937
111,0.6131526354883596,-0.0028784296387998447,-1.0,-8.0,4.599633892693147,3.0,2.25,3.20679012345679
112,-1.4560407002484461,1.96003220151544,0.0,-8.0,5.984477646913443,3.0,2.333333333333333,3.2222222222222223
113,0.9403913327910725,-1.9545042393235328,1.0,-8.0,-1.2158919029051882,3.0,2.4166666666666665,3.20679012345679
114,-1.5438750101341099,1.5941671751226936,2.0,-8.0,4.206318282318067,3.0,2.5,3.1604938271604937
115,1.192202903364929,0.5596905097518563,3.0,-8.0,7.940305106944508,3.0,2.583333333333333,3.083333333333333
116,-1.194862416504229,1.5172841807094455,4.0,-8.0,4.146279459209467,3.0,2.6666666666666665,2.9753086419753085
117,0.6111399100098334,0.2092934017858503,5.0,-8.0,5.604011700679221,3.0,2.75,2.8364197530864197
118,-0.3186012971348542,-1.7491404155041967,6.0,-8.0,-2.4193161856512697,3.0,2.833333333333333,2.6666666666666665
119,0.41841561302882857,-0.5670814481734172,7.0,-8.0,2.702243397439535,3.0,2.9166666666666665,2.466049382716049
120,0.3341903114608158,1.0810490882925106,8.0,-8.0,6.540931828901734,3.0,3.0,2.234567901234568
121,-1.60158696758314,-0.6176534530867432,9.0,-8.0,-3.4398575877835342,3.0,3.083333333333333,1.9722222222222223
122,-0.3484683942982292,1.162504008765598,10.0,-8.0,4.052784844615578,3.0,3.1666666666666665,1.6790123456790123
123,-0.5189532874745777,1.7241259778395508,11.0,-8.0,3.747949265397169,3.0,3.25,1.3549382716049383
124,2.014317220126765,-1.7527293557763797,12.0,-8.0,7.820901143182951,3.0,3.333333333333333,1.0
125,0.04540521537448996,-0.8550587738604596,-12.0,-7.0,2.089337818887871,3.0,1.4166666666666665,1.0
126,-0.8238023744458518,1.5210790224083948,-11.0,-7.0,4.022136216172836,3.0,1.5,1.4214891975308641
127,0.5256905770662272,1.5604226047204366,-10.0,-7.0,6.6864903016792345,3.0,1.5833333333333333,1.8063271604938271
128,-0.4662653088300419,-1.8466156930842852,-9.0,-7.0,-1.8350794906946224,3.0,1.6666666666666665,2.154513888888889
129,-0.049575823408616305,-0.2172363471009542,-8.0,-7.0,2.683933856856934,3.0,1.75,2.466049382716049
130,-0.9972735304392044,0.02849342997080369,-7.0,-7.0,1.3447877736154354,3.0,1.8333333333333333,2.7409336419753085
131,0.7110265554394126,0.6993351307783036,-6.0,-7.0,6.178760729700354,3.0,1.9166666666666665,2.9791666666666665
132,1.8242803206072558,-1.9320506062965805,-5.0,-7.0,0.40483602260012264,3.0,2.0,3.1807484567901234
133,1.3723182794911284,0.12873478215212827,-4.0,-7.0,6.050337572335106,3.0,2.083333333333333,3.3456790123456788
134,1.406587025471215,1.0987361452628248,-3.0,-7.0,9.431875971381123,3.0,2.1666666666666665,3.473958333333333
135,1.1193728481588918,-0.43379702667016434,-2.0,-7.0,3.9900214242739573,3.0,2.25,3.565586419753086
136,0.3582601769890812,1.6119570847013713,-1.0,-7.0,9.665828031930609,3.0,2.333333333333333,3.620563271604938
137,-1.9557453196270935,-1.740166803739165,0.0,-7.0,-8.33670001156987,3.0,2.4166666666666665,3.6388888888888884
138,1.8574285281016274,-0.8651592278896729,1.0,-7.0,3.8800911529036632,3.0,2.5,3.620563271604938
139,-1.1579188937857974,1.8955381933084656,2.0,-7.0,6.505705196030846,3.0,2.583333333333333,3.565586419753086
140,0.6433286199266304,-0.8328560532249727,3.0,-7.0,1.944027294338294,3.0,2.6666666666666665,3.473958333333333
141,1.756386335963132,-0.700795265715602,4.0,-7.0,5.929020892184788,3.0,2.75,3.3456790123456788
142,0.7845624160911813,-0.6712457553970455,5.0,-7.0,2.8285102197107017,3.0,2.833333333333333,3.1807484567901234
143,-0.16181469007735225,-0.6161108748992212,6.0,-7.0,0.8064038934164938,3.0,2.9166666666666665,2.9791666666666665
144,-0.3273051073633071,1.134982312303283,7.0,-7.0,5.043688363741738,3.0,3.0,2.7409336419753085
145,1.5263681819871868,1.1358270443185436,8.0,-7.0,10.152063959475743,3.0,3.083333333333333,2.466049382716049
146,-0.5828450723248038,0.9983697100814231,9.0,-7.0,3.058147701723187,3.0,3.1666666666666665,2.154513888888889
147,-1.59814182474787,-0.17319337943829696,10.0,-7.0,-2.6174175454888786,3.0,3.25,1.8063271604938271
148,1.7104814678485218,-1.2896858241472609,11.0,-7.0,6.145796553557392,3.0,3.333333333333333,1.4214891975308641
149,0.9285485366803328,-1.9030241626761895,12.0,-7.0,4.193778451096696,3.0,3.4166666666666665,1.0
150,-1.0634466992337144,-1.0038818075928104,-12.0,-6.0,0.22963108794636838,3.0,1.5,1.0
151,1.4951727854758299,-1.5923117064448522,-11.0,-6.0,3.6552538058915953,3.0,1.5833333333333333,1.4791666666666665
152,-0.258134923521923,0.6089615930695176,-10.0,-6.0,3.4903816781210164,3.0,1.6666666666666665,1.9166666666666665
153,-0.14830862815240084,-0.45552670737122797,-9.0,-6.0,1.6256272200461925,3.0,1.75,2.3125
154,-0.19869983533848765,1.9132293605249429,-8.0,-6.0,7.7385435983167925,3.0,1.8333333333333333,2.6666666666666665
155,1.3491607517283866,0.5746169677424258,-7.0,-6.0,7.265462748274871,3.0,1.9166666666666665,2.9791666666666665
156,-0.5557906971843134,-0.004496248288313336,-6.0,-6.0,2.0594634439360098,3.0,2.0,3.25
157,1.1614169009243,-1.2118774728748993,-5.0,-6.0,1.0020986199264705,3.0,2.083333333333333,3.4791666666666665
158,-0.22760945704056154,1.9503533591968363,-4.0,-6.0,9.760049931913834,3.0,2.1666666666666665,3.6666666666666665
159,-0.4838647920069947,1.0718327345504373,-3.0,-6.0,5.949845865551636,3.0,2.25,3.8125
160,0.1497954478741579,1.9034919088743314,-2.0,-6.0,10.788650920663798,3.0,2.333333333333333,3.9166666666666665
161,1.682617905149114,-0.20746921623705575,-1.0,-6.0,5.675824577332746,3.0,2.4166666666666665,3.9791666666666665
162,1.0378926835611222,-0.2754569619759695,0.0,-6.0,4.463645185267209,3.0,2.5,4.0
163,-1.842197709996006,-1.2176968207771652,1.0,-6.0,-6.848647681131229,3.0,2.583333333333333,3.9791666666666665
164,0.5735631490592072,-0.6036518824078503,2.0,-6.0,1.9239009335202386,3.0,2.6666666666666665,3.9166666666666665
165,0.5501377716901703,1.0438414394731683,3.0,-6.0,9.223713381707393,3.0,2.75,3.8125
166,-0.5143221370326194,-0.48031198725593544,4.0,-6.0,-0.43872139298098944,3.0,2.833333333333333,3.6666666666666665
167,0.7156882637085933,-1.217692110329984,5.0,-6.0,0.5240588728518091,3.0,2.9166666666666665,3.4791666666666665
168,-1.0624770088411188,-0.7115680372144724,6.0,-6.0,-2.3126491396883577,3.0,3.0,3.25
169,-1.0240428660676817,1.0498044923538898,7.0,-6.0,3.0707585154754944,3.0,3.083333333333333,2.9791666666666665
170,-1.5330219314797842,-0.8442675638476873,8.0,-6.0,-4.431743913676224,3.0,3.1666666666666665,2.6666666666666665
171,-1.7482324376916911,1.8332995008273574,9.0,-6.0,1.7552335093144216,3.0,3.25,2.3125
172,-0.11761544565801604,1.420748746872637,10.0,-6.0,5.070071893002607,3.0,3.333333333333333,1.9166666666666665
173,1.8257816106421365,0.08405172554358149,11.0,-6.0,9.406812312995191,3.0,3.4166666666666665,1.4791666666666665
174,-1.5469038999464395,0.7521241294464918,12.0,-6.0,-1.8493759954556699,3.0,3.5,1.0
175,0.4175077684390778,0.6012570212108008,-12.0,-5.0,4.644367140293421,3.0,1.5833333333333333,1.0
176,0.7406309583109452,-1.1132492219932264,-11.0,-5.0,2.5450098033593442,3.0,1.6666666666666665,1.5279706790123457
177,0.8056146115813334,0.4263216869041237,-10.0,-5.0,5.327012981135786,3.0,1.75,2.010030864197531
178,0.19627794546419788,-0.4081046223470806,-9.0,-5.0,2.224176374154807,3.0,1.8333333333333333,2.4461805555555554
179,0.5043961716923184,0.7714747627233944,-8.0,-5.0,5.823932149675324,3.0,1.9166666666666665,2.8364197530864197
180,1.507641108644207,1.722634415599962,-7.0,-5.0,11.060648936957408,3.0,2.0,3.1807484567901234
181,-0.6816529340535862,1.5683867864286503,-6.0,-5.0,7.131005496741199,3.0,2.083333333333333,3.4791666666666665
182,1.731804660685249,-1.2545409892941521,-5.0,-5.0,1.7045964033538612,3.0,2.1666666666666665,3.731674382716049
183,-1.576806242894531,1.5051995984316002,-4.0,-5.0,5.175417767561548,3.0,2.25,3.9382716049382713
184,1.35290971751547,1.7511343842459788,-3.0,-5.0,13.20317261464026,3.0,2.333333333333333,4.098958333333333
185,-1.4915428074689299,1.8130405939256982,-2.0,-5.0,6.550102512271548,3.0,2.4166666666666665,4.213734567901234
186,0.4329179826981546,1.8261361855279634,-1.0,-5.0,12.040435312830127,3.0,2.5,4.282600308641975
187,0.1712366608015823,-0.010017661550412876,0.0,-5.0,2.65372497043436,3.0,2.583333333333333,4.305555555555555
188,-0.26208408647425463,0.4369076719247708,1.0,-5.0,3.6919252237312357,3.0,2.6666666666666665,4.282600308641975
189,-0.5442571457424221,-1.1326684551610204,2.0,-5.0,-3.0994411354019795,3.0,2.75,4.213734567901234
190,0.6401533337541139,1.9536527317579557,3.0,-5.0,12.719124746945525,3.0,2.833333333333333,4.098958333333333
191,0.3510684762767924,-0.9403369188290662,4.0,-5.0,0.2594256831915801,3.0,2.9166666666666665,3.9382716049382713
192,-1.1652606054764232,-0.010774691201536329,5.0,-5.0,-0.5374897396720041,3.0,3.0,3.731674382716049
193,-1.606075168605174,-0.09332823080431378,6.0,-5.0,-2.286015332767656,3.0,3.083333333333333,3.4791666666666665
194,-1.707588007756749,-0.33698850681820575,7.0,-5.0,-3.3383199191769264,3.0,3.1666666666666665,3.1807484567901234
195,-1.8829807854280691,-1.0092557650048775,8.0,-5.0,-6.0935304538234005,3.0,3.25,2.8364197530864197
196,0.4849530010673364,1.819773419252266,9.0,-5.0,8.944319360291415,3.0,3.333333333333333,2.4461805555555554
197,-0.35713110735182374,0.559173349797679,10.0,-5.0,2.521942049645925,3.0,3.4166666666666665,2.010030864197531
198,1.5522934847473575,-1.2165216840468231,11.0,-5.0,6.473371446614885,3.0,3.5,1.5279706790123457
199,-1.8224740081349609,-1.9522707208875694,12.0,-5.0,-5.274478265194997,3.0,3.583333333333333,1.0
200,-0.08827449999070411,0.9897635887176743,-12.0,-4.0,4.411002309185622,3.0,1.6666666666666665,1.0
201,1.642498140066746,1.6977451648119593,-11.0,-4.0,8.356171684953164,3.0,1.75,1.567901234567901
202,-0.2809976808687886,-1.8995312701268678,-10.0,-4.0,-1.3145062731294854,3.0,1.8333333333333333,2.0864197530864197
203,0.6082916686633979,1.5961589011616695,-9.0,-4.0,8.343924880892585,3.0,1.9166666666666665,2.5555555555555554
204,-1.4842872473694233,1.3408640138094057,-8.0,-4.0,3.9687044967093494,3.0,2.0,2.9753086419753085
205,0.36022378742433325,-0.14441634383788252,-7.0,-4.0,3.0129602949071415,3.0,2.083333333333333,3.3456790123456788
206,-0.006730152389017953,0.3853612523901681,-6.0,-4.0,4.270831489586879,3.0,2.1666666666666665,3.6666666666666665
207,0.8720086361374917,-0.6633847205359229,-5.0,-4.0,2.817894854554749,3.0,2.25,3.9382716049382713
208,-0.13942781555542313,-1.3994967470812185,-4.0,-4.0,-3.5244823833277574,3.0,2.333333333333333,4.160493827160494
209,-0.9662733254810432,2.0196346008578736,-3.0,-4.0,9.273492726149076,3.0,2.4166666666666665,4.333333333333333
210,-0.7701352387773519,-0.5285340610815521,-2.0,-4.0,-1.2426541784109026,3.0,2.5,4.4567901234567895
211,1.1497259195348657,-1.726453552051544,-1.0,-4.0,-1.874684636867159,3.0,2.583333333333333,4.530864197530864
212,0.04015045284081122,-0.7693599164054732,0.0,-4.0,-1.1052250678859474,3.0,2.6666666666666665,4.555555555555555
213,-1.3737466251998578,-0.37108383780958204,1.0,-4.0,-2.4088089719152563,3.0,2.75,4.530864197530864
214,-1.204971740886557,-0.6841631607574701,2.0,-4.0,-3.577030439768704,3.0,2.833333333333333,4.4567901234567895
215,1.088822978273555,-0.5272804933650319,3.0,-4.0,3.5844819456950225,3.0,2.9166666666666665,4.333333333333333
216,0.6467871786801238,-0.3747193731528167,4.0,-4.0,3.086499375754148,3.0,3.0,4.160493827160494
217,-1.2012936740676885,1.2214104026384083,5.0,-4.0,4.200031781967675,3.0,3.083333333333333,3.9382716049382713
218,2.006850089303033,-0.46966225653419996,6.0,-4.0,7.753655976532942,3.0,3.1666666666666665,3.6666666666666665
219,1.1274757844388446,-1.8804398845752461,7.0,-4.0,0.3334165756304367,3.0,3.25,3.3456790123456788
220,1.8404245726636734,0.10521668375368583,8.0,-4.0,9.434624487666689,3.0,3.333333333333333,2.9753086419753085
221,-1.3138728244121394,1.2893338346027179,9.0,-4.0,1.8150548338133419,3.0,3.4166666666666665,2.5555555555555554
222,-1.0539503401930985,-0.1820148645776232,10.0,-4.0,-1.0466299035793811,3.0,3.5,2.0864197530864197
223,0.7002371403186416,0.7038143845005183,11.0,-4.0,6.732169125779298,3.0,3.583333333333333,1.567901234567901
224,1.166107622828239,-0.5925262672882157,12.0,-4.0,6.937603686136602,3.0,3.6666666666666665,1.0
225,-1.8928576430065824,-1.0646262872199703,-12.0,-3.0,-1.2819637545377958,3.0,1.75,1.0
226,-0.28505405288515906,1.5956862524714934,-11.0,-3.0,5.105505762315033,3.0,1.8333333333333333,1.5989583333333333
227,1.6994812581796062,0.4174498155762462,-10.0,-3.0,7.301729496574891,3.0,1.9166666666666665,2.145833333333333
228,0.39905130637603303,-1.3791764515468492,-9.0,-3.0,-0.017171880582531912,3.0,2.0,2.640625
229,0.002851821724886981,1.7773104548115934,-8.0,-3.0,8.849093779481997,3.0,2.083333333333333,3.083333333333333
230,1.4338689855619027,-1.2252661269149374,-7.0,-3.0,1.6912648425383447,3.0,2.1666666666666665,3.473958333333333
231,1.7237822717159386,-1.2402894240401852,-6.0,-3.0,1.928774241455502,3.0,2.25,3.8124999999999996
232,-0.14544963246330364,1.3955025656026703,-5.0,-3.0,8.087286371798006,3.0,2.333333333333333,4.098958333333333
233,-1.2088110359047048,-0.9249174202811725,-4.0,-3.0,-3.792402843072256,3.0,2.4166666666666665,4.333333333333333
234,0.7232864841842916,-0.3783654550470675,-3.0,-3.0,3.092666880973562,3.0,2.5,4.515625
235,-0.6501649538439742,-1.0840754437642863,-2.0,-3.0,-3.8327679228489013,3.0,2.583333333333333,4.645833333333333
236,-0.801497372378063,-0.3735505386209715,-1.0,-3.0,-0.7688456672207725,3.0,2.6666666666666665,4.723958333333333
237,-0.6513123959622584,-0.2796324105969242,0.0,-3.0,-0.1236384490347608,3.0,2.75,4.75
238,0.8518906887623419,-1.6980657846253935,1.0,-3.0,-2.457648907099283,3.0,2.833333333333333,4.723958333333333
239,-0.5310988014816078,-0.31498267677458563,2.0,-3.0,0.4048437488260391,3.0,2.9166666666666665,4.645833333333333
240,-1.1218663050715683,0.8966406766114836,3.0,-3.0,4.020000961261005,3.0,3.0,4.515625
241,-0.3525767834342455,0.9149818992332068,4.0,-3.0,5.833939451051537,3.0,3.083333333333333,4.333333333333333
242,-0.2645590177681938,1.048330426864151,5.0,-3.0,6.581623274589857,3.0,3.1666666666666665,4.098958333333333
243,0.5053619022481866,0.8274225200079035,6.0,-3.0,8.017475275401365,3.0,3.25,3.8124999999999996
244,0.9582976906188696,-1.513198494127365,7.0,-3.0,1.203050280741097,3.0,3.333333333333333,3.473958333333333
245,-1.7161923885861796,0.3757431959292045,8.0,-3.0,-1.729654546630589,3.0,3.4166666666666665,3.083333333333333
246,0.5308269824278105,1.1467238188331559,9.0,-3.0,8.386389625664723,3.0,3.5,2.640625
247,0.1354461305590067,-0.06245305066346089,10.0,-3.0,3.4508274870444318,3.0,3.583333333333333,2.145833333333333
248,0.21506638400008174,0.2259659120750512,11.0,-3.0,4.028043969944261,3.0,3.6666666666666665,1.5989583333333333
249,1.4936651618128471,-0.569538264385866,12.0,-3.0,8.259445145149499,3.0,3.75,1.0
250,-0.08721215968076776,-1.4636642716119106,-12.0,-2.0,1.6443002467752985,3.0,1.8333333333333333,1.0
251,0.2706606521903425,-1.0389896617337528,-11.0,-2.0,1.9059047603970436,3.0,1.9166666666666665,1.621141975308642
252,0.11969348667634219,1.2638530852262535,-10.0,-2.0,5.648679380935659,3.0,2.0,2.1882716049382713
253,-1.6703072467405522,1.6904862505642446,-9.0,-2.0,4.359971601080258,3.0,2.083333333333333,2.701388888888889
254,-0.4203762379339424,1.6617903696051306,-8.0,-2.0,7.339021481727622,3.0,2.1666666666666665,3.1604938271604937
255,-1.721088374218334,-1.7443386452032763,-7.0,-2.0,-7.330558556107745,3.0,2.25,3.565586419753086
256,0.8354140120404909,-1.00250951749466,-6.0,-2.0,0.3894217291199503,3.0,2.333333333333333,3.9166666666666665
257,0.9030807747077239,0.7697819992774331,-5.0,-2.0,8.347853097638717,3.0,2.4166666666666665,4.213734567901234
258,-1.6868806587103,-1.4369478787346772,-4.0,-2.0,-7.710458380827392,3.0,2.5,4.4567901234567895
259,1.654805613273219,-1.4503903770740136,-3.0,-2.0,0.8093368768448181,3.0,2.583333333333333,4.645833333333333
260,0.9006257484779896,-1.4056288023322827,-2.0,-2.0,-1.4592973088248917,3.0,2.6666666666666665,4.780864197530864
261,1.400432046394858,-0.8375963678649152,-1.0,-2.0,3.092341136320725,3.0,2.75,4.861882716049383
262,-1.5818323058321413,0.975188697165845,0.0,-2.0,3.835080263518308,3.0,2.833333333333333,4.888888888888889
263,0.3177924871811122,0.31498869877225627,1.0,-2.0,5.350267540825671,3.0,2.9166666666666665,4.861882716049383
264,0.36339437939384833,0.27521295840594834,2.0,-2.0,5.486102609158857,3.0,3.0,4.780864197530864
265,0.8105669450569102,1.6407118063045176,3.0,-2.0,13.203226934414781,3.0,3.083333333333333,4.645833333333333
266,1.4495456314733817,-0.6544927561216485,4.0,-2.0,4.70365367813838,3.0,3.1666666666666665,4.4567901234567895
267,0.17277993329617972,1.4379865513052625,5.0,-2.0,9.351988484807249,3.0,3.25,4.213734567901234
268,1.3650210243220258,-1.0311591089963723,6.0,-2.0,3.593138218655554,3.0,3.333333333333333,3.9166666666666665
269,0.31156079448301943,0.7512313999728149,7.0,-2.0,6.87673143999303,3.0,3.4166666666666665,3.565586419753086
270,0.2309926812859602,1.422892790863316,8.0,-2.0,8.2551698912588,3.0,3.5,3.1604938271604937
271,-1.6971489330291796,-1.3540449987497467,9.0,-2.0,-6.671783850796612,3.0,3.583333333333333,2.701388888888889
272,1.885816189800074,-1.0217365928164737,10.0,-2.0,7.410892744746798,3.0,3.6666666666666665,2.1882716049382713
273,-1.2247837872502974,-0.8428914087491342,11.0,-2.0,-2.971652073413077,3.0,3.75,1.621141975308642
274,-1.8208609092498067,1.1654128095628893,12.0,-2.0,-2.834502976891653,3.0,3.833333333333333,1.0
275,-1.5853365700398792,0.9318726920303264,-12.0,-1.0,0.7360285597511286,3.0,1.9166666666666665,1.0
276,1.6890712362420972,0.9788615292848049,-11.0,-1.0,7.821644845636535,3.0,2.0,1.6344521604938271
277,1.4951939124108558,-1.8894117027857262,-10.0,-1.0,2.497040761900206,3.0,2.083333333333333,2.2137345679012346
278,0.6865131545273333,1.635276725560259,-9.0,-1.0,8.409784130634971,3.0,2.1666666666666665,2.7378472222222223
279,-1.8661204877198583,-0.9284971504199973,-8.0,-1.0,-4.1915079192970195,3.0,2.25,3.20679012345679
280,1.0356730660998785,1.2837339923164313,-7.0,-1.0,10.030533073078702,3.0,2.333333333333333,3.620563271604938
281,1.85362288424791,-1.9141744005631767,-6.0,-1.0,-0.2318998267611123,3.0,2.4166666666666665,3.9791666666666665
282,-0.10107646733342787,0.15398722954475128,-5.0,-1.0,3.4288103329105883,3.0,2.5,4.282600308641975
283,-0.997925687835135,0.9370292683240125,-4.0,-1.0,5.036406532357957,3.0,2.583333333333333,4.530864197530864
284,1.410195949329991,-1.6481376837377695,-3.0,-1.0,-0.5651188077283746,3.0,2.6666666666666665,4.723958333333333
285,1.8725648930501415,-0.3078883050520898,-2.0,-1.0,6.82702198329375,3.0,2.75,4.861882716049383
286,-1.9107505201494996,0.23622115051660827,-1.0,-1.0,-1.0131245456374487,3.0,2.833333333333333,4.944637345679012
287,-0.5665703997813161,-1.1500417935680607,0.0,-1.0,-4.262622343732986,3.0,2.9166666666666665,4.972222222222221
288,0.15890729285570385,-0.8808810790522712,1.0,-1.0,-0.897796696787166,3.0,3.0,4.944637345679012
289,-0.7068661741782263,-0.8561046744804812,2.0,-1.0,-3.9137152576934864,3.0,3.083333333333333,4.861882716049383
290,1.5866515968497308,1.4448692146742792,3.0,-1.0,14.807435906879912,3.0,3.1666666666666665,4.723958333333333
291,0.2881502392142212,-1.6807026291626321,4.0,-1.0,-3.683424369631325,3.0,3.25,4.530864197530864
292,1.2324272271043477,0.7809122251299827,5.0,-1.0,10.504780753554376,3.0,3.333333333333333,4.282600308641975
293,1.3005078958580731,-1.049173059707812,6.0,-1.0,3.203915599256055,3.0,3.4166666666666665,3.9791666666666665
294,0.9782234330073889,0.2549660126710462,7.0,-1.0,7.341115358982623,3.0,3.5,3.620563271604938
295,-1.6954107264604446,-1.4615434057105137,8.0,-1.0,-7.601871205229051,3.0,3.583333333333333,3.20679012345679
296,-0.26134231819834186,1.512462821153391,9.0,-1.0,6.081396389264443,3.0,3.6666666666666665,2.7378472222222223
297,-0.02359036874719054,0.4667658859356824,10.0,-1.0,3.718772229330371,3.0,3.75,2.2137345679012346
298,1.7608750925128267,1.072194700897325,11.0,-1.0,11.318204973384052,3.0,3.833333333333333,1.6344521604938271
299,-0.25139306746999335,1.7757166848403674,12.0,-1.0,3.860027345091013,3.0,3.9166666666666665,1.0
300,-1.9304081654092187,-1.160464259361664,-12.0,0.0,-2.235847710313972,3.0,2.0,1.0
301,0.07492488398206157,-1.715252222205392,-11.0,0.0,0.3306370530902643,3.0,2.083333333333333,1.6388888888888888
302,0.36662369340160916,0.3345713055665633,-10.0,0.0,4.811227661757941,3.0,2.1666666666666665,2.2222222222222223
303,-0.04292879628488098,0.6372966656668579,-9.0,0.0,4.103920512739101,3.0,2.25,2.75
304,-0.7947147910306653,-0.5265197536165911,-8.0,0.0,-0.7647807010801214,3.0,2.333333333333333,3.2222222222222223
305,1.4853759686120411,-1.1976844164196454,-7.0,0.0,1.7025249683986967,3.0,2.4166666666666665,3.638888888888889
306,-1.544949012382384,-0.16724626504539433,-6.0,0.0,-1.2744806024278268,3.0,2.5,4.0
307,-1.0189667770089241,0.7605449290378481,-5.0,0.0,3.5967439844242777,3.0,2.583333333333333,4.305555555555555
308,0.8112343926191321,-0.23342844050472447,-4.0,0.0,3.95992600543318,3.0,2.6666666666666665,4.555555555555555
309,1.9940603846138663,0.7755874902039073,-3.0,0.0,12.137163817634066,3.0,2.75,4.75
310,-1.616842551952868,1.101248168387343,-2.0,0.0,3.741167585606888,3.0,2.833333333333333,4.888888888888889
311,-0.7525600257386063,0.32708182890881304,-1.0,0.0,2.235092370034308,3.0,2.9166666666666665,4.972222222222221
312,-0.46467530492540643,1.6682749890539645,0.0,0.0,9.370056211412589,3.0,3.0,5.0
313,1.9375719131355567,-0.372067036141351,1.0,0.0,6.842527708514354,3.0,3.083333333333333,4.972222222222221
314,1.3195946193893109,0.5232068423980156,2.0,0.0,9.527611498074782,3.0,3.1666666666666665,4.888888888888889
315,-1.4374502347948526,-0.8429051888267625,3.0,0.0,-5.861719611754568,3.0,3.25,4.75
316,-0.5831767947661128,1.4195352123895082,4.0,0.0,7.9456176305484485,3.0,3.333333333333333,4.555555555555555
317,-0.373621682701315,0.3623667889122039,5.0,0.0,3.342339667738123,3.0,3.4166666666666665,4.305555555555555
318,1.1204784568500168,1.3047611562044625,6.0,0.0,12.210776187686445,3.0,3.5,4.0
319,-1.848258353941771,1.9363284112959331,7.0,0.0,3.6743368386814073,3.0,3.583333333333333,3.638888888888889
320,-0.4589798123302229,1.6944690977121863,8.0,0.0,7.283579623144002,3.0,3.6666666666666665,3.2222222222222223
321,-1.7680026494081966,0.16101712230301432,9.0,0.0,-2.745146784528837,3.0,3.75,2.75
322,-0.5862507369512113,-0.4127184332297807,10.0,0.0,-0.27137797443472766,3.0,3.833333333333333,2.2222222222222223
323,1.9409494386509731,1.3251709160642984,11.0,0.0,13.01637982357435,3.0,3.9166666666666665,1.6388888888888888
324,0.7453626218378981,-1.3277744601511363,12.0,0.0,4.985343590003569,3.0,4.0,1.0
325,0.42396367051367045,0.6608387025537523,-12.0,1.0,4.5687578055027815,3.0,2.083333333333333,1.0
326,-0.44759482004308415,0.6468884198392824,-11.0,1.0,2.991532975804334,3.0,2.1666666666666665,1.6344521604938271
327,0.9305816070000876,0.6290993075696683,-10.0,1.0,6.4638333230663125,3.0,2.25,2.2137345679012346
328,1.8145310982072815,0.7404147650216946,-9.0,1.0,9.035401955941579,3.0,2.333333333333333,2.7378472222222223
329,-0.12465562333221178,1.2177345364937586,-8.0,1.0,6.813650960582999,3.0,2.4166666666666665,3.20679012345679
330,-0.8952609988611187,-1.9415634652821578,-7.0,1.0,-6.816811243257597,3.0,2.5,3.620563271604938
331,-0.38218410218629284,0.5889167872595069,-6.0,1.0,4.3530857501904565,3.0,2.583333333333333,3.9791666666666665
332,1.8857355024586995,-1.707147777358372,-5.0,1.0,0.873686535331091,3.0,2.6666666666666665,4.282600308641975
333,-0.8559616326418955,1.9829402656394375,-4.0,1.0,9.930200478490303,3.0,2.75,4.530864197530864
334,-1.9491073468299303,1.4548436342084188,-3.0,1.0,4.4357846827508425,3.0,2.833333333333333,4.723958333333333
335,1.7568405878487616,0.10045205807626863,-2.0,1.0,8.796621273168121,3.0,2.9166666666666665,4.861882716049383
336,-1.157851306405692,-0.4448904202686526,-1.0,1.0,-2.4966024188019103,3.0,3.0,4.944637345679012
337,-1.4363541897769228,-1.2477493416221257,0.0,1.0,-7.871058884720457,3.0,3.083333333333333,4.972222222222221
338,-0.028899179022554546,1.6275190688668972,1.0,1.0,10.994881268605225,3.0,3.1666666666666665,4.944637345679012
339,-1.7162027463829892,0.35893942528922035,2.0,1.0,-1.012622678223367,3.0,3.25,4.861882716049383
340,0.3376151408933912,-1.4221846902702449,3.0,1.0,-2.618778080906788,3.0,3.333333333333333,4.723958333333333
341,1.8449452356718976,-0.3226097166528315,4.0,1.0,7.739845059938722,3.0,3.4166666666666665,4.530864197530864
342,1.6793224481199074,-0.8368224531244548,5.0,1.0,4.952375287569855,3.0,3.5,4.282600308641975
343,0.19876429731107506,0.0751661971010635,6.0,1.0,3.9209826905401037,3.0,3.583333333333333,3.9791666666666665
344,-0.2942179743958744,0.9738189132133204,7.0,1.0,5.2651477133521265,3.0,3.6666666666666665,3.620563271604938
345,-1.1695163930729997,-0.9426979268820428,8.0,1.0,-4.583666523914031,3.0,3.75,3.20679012345679
346,-1.461797940790647,-0.09951277850087585,9.0,1.0,-2.6647537516819497,3.0,3.833333333333333,2.7378472222222223
347,0.6177363861829055,0.03682986504796855,10.0,1.0,5.2498542203167995,3.0,3.9166666666666665,2.2137345679012346
348,1.4380648496373416,1.68177157102997,11.0,1.0,11.367002404263612,3.0,4.0,1.6344521604938271
349,-0.5690503467830861,1.3322153926699218,12.0,1.0,1.494224477243245,3.0,4.083333333333333,1.0
350,0.1536743779147183,-1.129454637383182,-12.0,2.0,2.242780905460527,3.0,2.1666666666666665,1.0
351,-1.3780331689506107,1.0622617350751955,-11.0,2.0,1.647074466172557,3.0,2.25,1.621141975308642
352,1.7376427228369162,-1.430813772296024,-10.0,2.0,3.3864613832146815,3.0,2.333333333333333,2.1882716049382713
353,-0.34794129631853155,-0.5636010803063114,-9.0,2.0,0.5681398213222331,3.0,2.4166666666666665,2.701388888888889
354,-1.9602365249486269,0.7429425628535118,-8.0,2.0,0.6396740443145665,3.0,2.5,3.1604938271604937
355,0.7153399456842422,0.5918448909768081,-7.0,2.0,7.011159053523801,3.0,2.583333333333333,3.565586419753086
356,-1.7660167671841966,0.2472433447247153,-6.0,2.0,-1.2252568166017266,3.0,2.6666666666666665,3.9166666666666665
357,-0.13790276214926409,-0.9576677689524862,-5.0,2.0,-1.1683019878603793,3.0,2.75,4.213734567901234
358,0.9988714778611727,1.7394290689835767,-4.0,2.0,13.634801530553094,3.0,2.833333333333333,4.4567901234567895
359,0.5404718594052187,-1.0308183192716218,-3.0,2.0,-0.31688705938682643,3.0,2.9166666666666665,4.645833333333333
360,0.8257732927486079,-1.6656509636565187,-2.0,2.0,-2.588775577043683,3.0,3.0,4.780864197530864
361,-0.5084270115451153,-1.8735603505241347,-1.0,2.0,-7.768239451461542,3.0,3.083333333333333,4.861882716049383
362,1.8848397368635093,-1.267564302824914,0.0,2.0,2.6367011342726903,3.0,3.1666666666666665,4.888888888888889
363,-0.5029433996477124,1.340539655099313,1.0,2.0,8.161166613979436,3.0,3.25,4.861882716049383
364,1.3634483361326954,-0.8664811851042702,2.0,2.0,3.4805765853200734,3.0,3.333333333333333,4.780864197530864
365,-1.6853425190884992,0.5040318638262289,3.0,2.0,-0.7064331048322459,3.0,3.4166666666666665,4.645833333333333
366,0.7652462141362948,0.3011040860742688,4.0,2.0,7.372291834348325,3.0,3.5,4.4567901234567895
367,-0.059074242396952116,0.4971907735234559,5.0,2.0,4.532461650692371,3.0,3.583333333333333,4.213734567901234
368,1.926903001659869,1.3568214704328383,6.0,2.0,15.423047563661186,3.0,3.6666666666666665,3.9166666666666665
369,0.17054593271631638,1.6079676072534699,7.0,2.0,9.086897010683726,3.0,3.75,3.565586419753086
370,-1.1663685664906205,1.836455664308802,8.0,2.0,3.95720343213373,3.0,3.833333333333333,3.1604938271604937
371,0.42730060138126813,0.5924056227207639,9.0,2.0,6.438777718675956,3.0,3.9166666666666665,2.701388888888889
372,0.8857614155573428,1.2353247780145418,10.0,2.0,9.301332583046912,3.0,4.0,2.1882716049382713
373,1.3445769697090766,-0.911155735787853,11.0,2.0,6.811475297954243,3.0,4.083333333333333,1.621141975308642
374,1.7880383652059226,1.894084171824901,12.0,2.0,12.043413730992723,3.0,4.166666666666666,1.0
375,-0.48320245673659246,-1.8904934380363183,-12.0,3.0,0.12222376262509946,3.0,2.25,1.0
376,1.9922095843377092,-1.414804333315131,-11.0,3.0,5.324770112972939,3.0,2.333333333333333,1.5989583333333333
377,-1.742292764316963,1.9229144214506297,-10.0,3.0,2.8768849275503654,3.0,2.4166666666666665,2.145833333333333
378,0.03332075020653671,0.7929974725858029,-9.0,3.0,5.308057612789067,3.0,2.5,2.640625
379,1.6308452297987643,-1.4056640167203571,-8.0,3.0,2.973569350444472,3.0,2.583333333333333,3.083333333333333
380,-0.6641345859595766,1.276497795477937,-7.0,3.0,5.387759606195941,3.0,2.6666666666666665,3.473958333333333
381,-1.2550844299851263,0.560729195794871,-6.0,3.0,2.244264816488898,3.0,2.75,3.8124999999999996
382,-1.2442932636693236,0.07096625944883979,-5.0,3.0,-0.1716315858581519,3.0,2.833333333333333,4.098958333333333
383,-0.8534216018478289,0.3315155517949499,-4.0,3.0,1.8542804469725067,3.0,2.9166666666666665,4.333333333333333
384,-1.9669458697141389,-1.9515425309983427,-3.0,3.0,-11.989419912335554,3.0,3.0,4.515625
385,-0.45420800249438775,-1.6741514777887214,-2.0,3.0,-6.3429431768329785,3.0,3.083333333333333,4.645833333333333
386,1.3222305048763352,-0.35548407205198657,-1.0,3.0,5.72820801597218,3.0,3.1666666666666665,4.723958333333333
387,-1.410353348283011,-0.7577980992092697,0.0,3.0,-5.19956882450788,3.0,3.25,4.75
388,-1.4415086443584624,0.5178019410108947,1.0,3.0,1.0264146741760807,3.0,3.333333333333333,4.723958333333333
389,1.4694041684561623,-1.712286998829436,2.0,3.0,0.47207128864637504,3.0,3.4166666666666665,4.645833333333333
390,0.4290250564670215,-1.4790783172901893,3.0,3.0,-1.84177138148046,3.0,3.5,4.515625
391,-1.6171320481061469,0.4553778005522317,4.0,3.0,-0.9860595777178668,3.0,3.583333333333333,4.333333333333333
392,0.9265021256373855,0.736673254423178,5.0,3.0,9.169583038636322,3.0,3.6666666666666665,4.098958333333333
393,1.1315152613686998,-0.8795065427802833,6.0,3.0,3.9380537840400676,3.0,3.75,3.8124999999999996
394,-1.253834176905258,0.5639359292577424,7.0,3.0,-0.3073761570563521,3.0,3.833333333333333,3.473958333333333
395,1.171100053536534,-1.5392551642232408,8.0,3.0,2.3286294694493814,3.0,3.9166666666666665,3.083333333333333
396,-1.7460618908218404,1.8699779873302462,9.0,3.0,0.8991255094303479,3.0,4.0,2.640625
397,-1.1138607779221021,-1.6185259739156763,10.0,3.0,-4.894540941532925,3.0,4.083333333333333,2.145833333333333
398,-1.3125006154815009,-1.687722584674723,11.0,3.0,-5.346640429199846,3.0,4.166666666666666,1.5989583333333333
399,0.7372342842087933,-1.9679092045921218,12.0,3.0,3.9222392866547193,3.0,4.25,1.0
400,1.508948960753262,1.6272066484271404,-12.0,4.0,8.337786133598499,3.0,2.333333333333333,1.0
401,-1.2126721286754116,0.11214979810528831,-11.0,4.0,0.31861596865163694,3.0,2.4166666666666665,1.567901234567901
402,0.24393136036635402,-0.7190597202549334,-10.0,4.0,2.7215823137001665,3.0,2.5,2.0864197530864197
403,-0.19235018425118341,0.11613636482304841,-9.0,4.0,3.173546002290249,3.0,2.583333333333333,2.5555555555555554
404,-0.2729235346838528,1.4131521125261697,-8.0,4.0,6.796472471799723,3.0,2.6666666666666665,2.9753086419753085
405,-0.5825416147570732,0.5172028056778799,-7.0,4.0,2.877750897994268,3.0,2.75,3.3456790123456788
406,-1.2004492261835331,-0.3033560185478373,-6.0,4.0,-1.1799598086123917,3.0,2.833333333333333,3.6666666666666665
407,0.289328129799562,-0.4052252426168919,-5.0,4.0,2.1543706933360784,3.0,2.9166666666666665,3.9382716049382713
408,-0.13657624484236305,-1.8650723072609512,-4.0,4.0,-5.513095246590473,3.0,3.0,4.160493827160494
409,-1.6624872256987357,-0.9128510932426679,-3.0,4.0,-6.074814558438659,3.0,3.083333333333333,4.333333333333333
410,-1.8834702892816382,-1.7599827265813637,-2.0,4.0,-11.470413191106628,3.0,3.1666666666666665,4.4567901234567895
411,2.015180644990622,-0.08161008215029568,-1.0,4.0,9.23685033375994,3.0,3.25,4.530864197530864
412,-1.916062426909832,-0.16553009968953594,0.0,4.0,-4.254324834835645,3.0,3.333333333333333,4.555555555555555
413,-0.00288227022113572,0.11648153192541706,1.0,4.0,3.5127643410474,3.0,3.4166666666666665,4.530864197530864
414,1.4599487499114598,-1.827071760199367,2.0,4.0,-0.4119280285377664,3.0,3.5,4.4567901234567895
415,-1.214044652815074,0.5266955921487118,3.0,4.0,0.9927777473514627,3.0,3.583333333333333,4.333333333333333
416,1.1537520505168666,-0.33814996271102277,4.0,4.0,5.9513352151230565,3.0,3.6666666666666665,4.160493827160494
417,1.1814138837072656,-0.38367589434606747,5.0,4.0,6.072276647326026,3.0,3.75,3.9382716049382713
418,1.0913284998298192,-1.290367293945456,6.0,4.0,2.4295145908276767,3.0,3.833333333333333,3.6666666666666665
419,0.2852015764665934,0.6785748685517021,7.0,4.0,5.9062971151279235,3.0,3.9166666666666665,3.3456790123456788
420,1.2099032408459158,-1.485901169780026,8.0,4.0,3.3500430951533158,3.0,4.0,2.9753086419753085
421,-1.2488295599142196,-1.4795959027560406,9.0,4.0,-5.890857129463711,3.0,4.083333333333333,2.5555555555555554
422,-1.5924764266882407,-0.8417537167815599,10.0,4.0,-5.511204958883033,3.0,4.166666666666666,2.0864197530864197
423,-1.8018367575674024,-0.08295602660193273,11.0,4.0,-5.138411414710646,3.0,4.25,1.567901234567901
424,1.508646445863842,-1.1984051295180913,12.0,4.0,8.64560648785389,3.0,4.333333333333333,1.0
425,1.5771360877081944,0.34973344308150595,-12.0,5.0,6.676416901046211,3.0,2.4166666666666665,1.0
426,0.06482970694422632,1.5878654218094568,-11.0,5.0,5.464494964044884,3.0,2.5,1.5279706790123457
427,0.161416762200044,-0.41337544425585576,-10.0,5.0,2.575898732308678,3.0,2.583333333333333,2.010030864197531
428,-0.7574466729317164,-1.126679630396395,-9.0,5.0,-1.698809296290066,3.0,2.6666666666666665,2.4461805555555554
429,-1.799478444249675,-0.9817762441337787,-8.0,5.0,-5.117142666855836,3.0,2.75,2.8364197530864197
430,-1.3696359133529796,1.330963326107909,-7.0,5.0,2.8983043509110233,3.0,2.833333333333333,3.1807484567901234
431,0.6251726559665443,-0.44336391076194454,-6.0,5.0,3.554953301026995,3.0,2.9166666666666665,3.4791666666666665
432,-0.8213224349423935,-1.1233215268313035,-5.0,5.0,-3.5406506606018175,3.0,3.0,3.731674382716049
433,1.5334787537706625,1.4667128158476916,-4.0,5.0,13.329388646232974,3.0,3.083333333333333,3.9382716049382713
434,0.7980802287995661,1.146888291911455,-3.0,5.0,10.514948700668084,3.0,3.1666666666666665,4.098958333333333
435,0.23344416507321378,-1.2417028415644624,-2.0,5.0,-1.3093438714081427,3.0,3.25,4.213734567901234
436,0.3187536898063641,0.7830483576826646,-1.0,5.0,7.169191850460161,3.0,3.333333333333333,4.282600308641975
437,0.7953981990220917,0.9176160654775407,0.0,5.0,10.043913910767706,3.0,3.4166666666666665,4.305555555555555
438,1.4489188505107449,0.4261163447286151,1.0,5.0,9.908000525225956,3.0,3.5,4.282600308641975
439,0.9615220971494347,1.2015607066797804,2.0,5.0,12.04444320186203,3.0,3.583333333333333,4.213734567901234
440,-1.7422508802393857,0.04430562047065241,3.0,5.0,-3.4107154506083233,3.0,3.6666666666666665,4.098958333333333
441,-0.9645043865276914,1.683117705645022,4.0,5.0,6.194324663997604,3.0,3.75,3.9382716049382713
442,1.7332413847533883,1.6940785388772113,5.0,5.0,15.813311655336145,3.0,3.833333333333333,3.731674382716049
443,-1.220741703458072,-1.321968955942918,6.0,5.0,-7.029473194915726,3.0,3.9166666666666665,3.4791666666666665
444,0.265773740423191,-0.8239758562101425,7.0,5.0,1.5827997311416386,3.0,4.0,3.1807484567901234
445,0.6699041374775607,0.7385841245403542,8.0,5.0,7.870920763026287,3.0,4.083333333333333,2.8364197530864197
446,1.2533613419932315,1.4540017499608264,9.0,5.0,11.556320263877682,3.0,4.166666666666666,2.4461805555555554
447,1.926806200244668,-1.6775887940748284,10.0,5.0,7.5124000413288385,3.0,4.25,2.010030864197531
448,0.7816314231882302,0.3833534094226871,11.0,5.0,6.601118337150096,3.0,4.333333333333333,1.5279706790123457
449,1.944585978338715,0.29197686884681245,12.0,5.0,11.894390684170721,3.0,4.416666666666666,1.0
450,0.05209329009862531,0.5660333519337335,-12.0,6.0,4.06938355382899,3.0,2.5,1.0
451,0.5294069793964988,-1.8502601333051738,-11.0,6.0,1.568359479316147,3.0,2.583333333333333,1.4791666666666665
452,1.438148291074563,-0.6358515170944077,-10.0,6.0,5.6449203443655955,3.0,2.6666666666666665,1.9166666666666665
453,-1.454913381817978,-1.5880501988429805,-9.0,6.0,-4.594253050615548,3.0,2.75,2.3125
454,-0.7070249771855557,-1.238985465652618,-8.0,6.0,-2.282849330857408,3.0,2.833333333333333,2.6666666666666665
455,-1.7533886686470908,1.237893219922076,-7.0,6.0,1.7085244533094421,3.0,2.9166666666666665,2.9791666666666665
456,-0.4846689273617306,-0.2290129229966558,-6.0,6.0,0.4490053214834421,3.0,3.0,3.25
457,-1.368099521191986,1.8946903772388526,-5.0,6.0,4.9707879335327005,3.0,3.083333333333333,3.4791666666666665
458,-0.24043404286494494,1.1740631025187291,-4.0,6.0,6.7884092685872535,3.0,3.1666666666666665,3.6666666666666665
459,-0.9009566203595938,-0.5482897205211106,-3.0,6.0,-2.133237397451457,3.0,3.25,3.8125
460,0.5526891993351537,-0.5289443222494203,-2.0,6.0,2.4333636903485494,3.0,3.333333333333333,3.9166666666666665
461,-1.7454154368542918,-1.4816233453959786,-1.0,6.0,-8.695634786735866,3.0,3.4166666666666665,3.9791666666666665
462,-0.0012483316919298174,-0.9153483113815464,0.0,6.0,-0.8055052506287179,3.0,3.5,4.0
463,1.5972786899974452,-1.3187136418457304,1.0,6.0,2.98951704658408,3.0,3.583333333333333,3.9791666666666665
464,0.11959953521261649,0.9428416260610659,2.0,6.0,7.363199766893104,3.0,3.6666666666666665,3.9166666666666665
465,-1.0452416827848459,0.009873346337986273,3.0,6.0,-0.8711689436337544,3.0,3.75,3.8125
466,-0.8629378876907237,0.8378203124260237,4.0,6.0,2.3119382951151857,3.0,3.833333333333333,3.6666666666666665
467,-0.6905733294847312,0.050658887124279864,5.0,6.0,0.4931490174836867,3.0,3.9166666666666665,3.4791666666666665
468,1.0102845875358764,1.5490335304902059,6.0,6.0,11.793411211756183,3.0,4.0,3.25
469,0.9247190776869236,-0.7712028841734029,7.0,6.0,4.536136645960852,3.0,4.083333333333333,2.9791666666666665
470,0.6022775300856544,1.443535154830675,8.0,6.0,9.434603419093781,3.0,4.166666666666666,2.6666666666666665
471,-1.5953565971416532,-0.9187485725427067,9.0,6.0,-5.776156609632853,3.0,4.25,2.3125
472,-1.7445182481625991,-0.38262788203224735,10.0,6.0,-4.850383275380133,3.0,4.333333333333333,1.9166666666666665
473,0.11793488848544834,-1.1747936448783294,11.0,6.0,1.6577558796661411,3.0,4.416666666666666,1.4791666666666665
474,-0.7885756972046138,-0.7613840613146758,12.0,6.0,-1.6615030905873664,3.0,4.5,1.0
475,-1.1382938116538948,-0.4734673655367428,-12.0,7.0,-0.34426126634669685,3.0,2.583333333333333,1.0
476,0.13773262773252573,-0.5662522394508935,-11.0,7.0,2.6192748927926037,3.0,2.6666666666666665,1.4214891975308641
477,1.1009746571536319,0.48838893571412506,-10.0,7.0,6.726799642078193,3.0,2.75,1.8063271604938271
478,-0.6741011567610307,1.8391664177101201,-9.0,7.0,5.19854381106311,3.0,2.833333333333333,2.154513888888889
479,1.3292014208719998,-0.005638642645787322,-8.0,7.0,6.960384705430051,3.0,2.9166666666666665,2.466049382716049
480,-1.6035369863733409,-1.768405411709444,-7.0,7.0,-6.532470445828856,3.0,3.0,2.7409336419753085
481,-1.5506132921820952,-1.1349726561606734,-6.0,7.0,-4.8199156430099706,3.0,3.083333333333333,2.9791666666666665
482,-0.7074467915996672,-0.5057778094060945,-5.0,7.0,-0.9707800111271124,3.0,3.1666666666666665,3.1807484567901234
483,0.6008544212488154,1.7786496483656544,-4.0,7.0,10.924541138104795,3.0,3.25,3.3456790123456788
484,-0.13269124622593018,-0.16280372195896112,-3.0,7.0,1.8570235010250542,3.0,3.333333333333333,3.473958333333333
485,1.2132336109046582,-1.0273278237842611,-2.0,7.0,3.4250285496020885,3.0,3.4166666666666665,3.565586419753086
486,-0.48538171427709154,-1.9134156147903385,-1.0,7.0,-5.522721180326475,3.0,3.5,3.620563271604938
487,-1.408442193179893,0.12148586465748697,0.0,7.0,-1.5634547235392726,3.0,3.583333333333333,3.6388888888888884
488,-1.5850933059609966,-1.0376284273789953,1.0,7.0,-6.7457842657657885,3.0,3.6666666666666665,3.620563271604938
489,0.27811043963708393,-0.977270560918331,2.0,7.0,0.3564088889977437,3.0,3.75,3.565586419753086
490,-0.08560780559296519,0.18562082194477877,3.0,7.0,3.528732270852668,3.0,3.833333333333333,3.473958333333333
491,-1.4097663147620105,0.014598909577598646,4.0,7.0,-2.5828027193714447,3.0,3.9166666666666665,3.3456790123456788
492,1.7515993794025855,0.5211828610383777,5.0,7.0,11.752744708640934,3.0,4.0,3.1807484567901234
493,1.145676160460332,-1.9130770177618477,6.0,7.0,1.9473847213530129,3.0,4.083333333333333,2.9791666666666665
494,-0.46854069706303747,-0.6300886433236788,7.0,7.0,-0.6069049925545457,3.0,4.166666666666666,2.7409336419753085
495,-1.9087768978314954,-0.03877322764098316,8.0,7.0,-5.501483980761543,3.0,4.25,2.466049382716049
496,-1.2940349692064856,-1.9157909462737497,9.0,7.0,-6.6369854714400125,3.0,4.333333333333333,2.154513888888889
497,-0.6880463238042442,-0.8599169782405294,10.0,7.0,-1.4310401102652173,3.0,4.416666666666666,1.8063271604938271
498,0.05233759747079738,2.0162482165911926,11.0,7.0,5.922544210816339,3.0,4.5,1.4214891975308641
499,-1.1155943417402918,1.113456443846727,12.0,7.0,-1.3715500757801076,3.0,4.583333333333333,1.0
500,-0.5933822923592973,-0.3814467170563323,-12.0,8.0,1.3183652332308746,3.0,2.6666666666666665,1.0
501,0.52681829828984,-0.4197005052331713,-11.0,8.0,3.939246141192303,3.0,2.75,1.3549382716049383
502,-0.8248738640240396,1.6972931548860497,-10.0,8.0,3.7630827531988262,3.0,2.833333333333333,1.6790123456790123
503,-0.7239912377839182,-0.9420291059455137,-9.0,8.0,-1.3921613096442442,3.0,2.9166666666666665,1.9722222222222223
504,-0.8183279621590369,1.2731803570611337,-8.0,8.0,2.959150048401975,3.0,3.0,2.234567901234568
505,-1.7501315235523975,0.28758487936961136,-7.0,8.0,-1.381166391692232,3.0,3.083333333333333,2.466049382716049
506,0.7091646667814637,-1.639320882438961,-6.0,8.0,1.1394853752490608,3.0,3.1666666666666665,2.6666666666666665
507,-0.627253807634788,0.40780013780215824,-5.0,8.0,1.598240402073472,3.0,3.25,2.8364197530864197
508,-1.699414666241616,0.688903755039654,-4.0,8.0,-0.40317798030775265,3.0,3.333333333333333,2.9753086419753085
509,1.4710180166560431,0.4601812304582828,-3.0,8.0,9.226707362522628,3.0,3.4166666666666665,3.083333333333333
510,-1.4239106298963855,0.8289027356536895,-2.0,8.0,1.1495738980999173,3.0,3.5,3.1604938271604937
511,0.5491704914156506,0.4672862642213979,-1.0,8.0,6.22788307819705,3.0,3.583333333333333,3.20679012345679
512,-1.7463756023101458,1.8611089097889144,0.0,8.0,1.9247297497343978,3.0,3.6666666666666665,3.2222222222222223
513,-0.2109880201017544,-1.1903602886239188,1.0,8.0,-1.7980452066950043,3.0,3.75,3.20679012345679
514,-1.82250376082842,-1.2096081293452123,2.0,8.0,-7.921850402368181,3.0,3.833333333333333,3.1604938271604937
515,-1.0584328495268873,1.563002210040685,3.0,8.0,3.8188491974745,3.0,3.9166666666666665,3.083333333333333
516,0.5968868934110909,1.5812563716839751,4.0,8.0,10.01225511782523,3.0,4.0,2.9753086419753085
517,-1.8927879312891354,1.4289782344162927,5.0,8.0,-0.6931800973727572,3.0,4.083333333333333,2.8364197530864197
518,-0.8293830562037661,0.12605815687510555,6.0,8.0,-0.22698949714962013,3.0,4.166666666666666,2.6666666666666665
519,1.311391926915094,0.2543651976873657,7.0,8.0,9.208097173198095,3.0,4.25,2.466049382716049
520,1.2991688723124564,-1.6985094932645433,8.0,8.0,4.387909789386477,3.0,4.333333333333333,2.234567901234568
521,1.726097351182772,-0.8809026890289322,9.0,8.0,8.859211525382857,3.0,4.416666666666666,1.9722222222222223
522,-1.7507883196709888,-1.3186350215349611,10.0,8.0,-6.7315912503414825,3.0,4.5,1.6790123456790123
523,-0.8311462884260079,-1.7426814210949957,11.0,8.0,-3.4120884292104505,3.0,4.583333333333333,1.3549382716049383
524,1.6237385492478258,0.748276965324443,12.0,8.0,11.644043069170223,3.0,4.666666666666666,1.0
525,1.0268850886731853,2.0261005363283155,-12.0,9.0,8.017381050670568,3.0,2.75,1.0
526,0.5085045241095947,-1.644994230153111,-11.0,9.0,2.3494885026434416,3.0,2.833333333333333,1.2795138888888888
527,-1.6812599424836834,0.200777660361217,-10.0,9.0,-1.4735631844610428,3.0,2.9166666666666665,1.534722222222222
528,-0.7754433231577313,-0.6455047756059324,-9.0,9.0,-0.004851781966339341,3.0,3.0,1.765625
529,0.9373772527295623,-0.05522540412671599,-8.0,9.0,5.157649617366493,3.0,3.083333333333333,1.972222222222222
530,-1.897415640806157,-1.5475999720821185,-7.0,9.0,-6.439774591286748,3.0,3.1666666666666665,2.154513888888889
531,-1.5923387497095636,0.7647322590356846,-6.0,9.0,-0.2366683411024047,3.0,3.25,2.3125
532,1.197557511913939,0.7036284807641773,-5.0,9.0,8.488392666000905,3.0,3.333333333333333,2.4461805555555554
533,1.8862190428022862,-0.6943544510605129,-4.0,9.0,7.492608818703937,3.0,3.4166666666666665,2.5555555555555554
534,-0.7950260101070681,1.6146656292681365,-3.0,9.0,4.664690089299142,3.0,3.5,2.640625
535,1.9817135580326664,-0.7079858009212054,-2.0,9.0,7.959142111295361,3.0,3.583333333333333,2.7013888888888884
536,1.1205760194859868,-1.0599969632726995,-1.0,9.0,4.189320762490936,3.0,3.6666666666666665,2.7378472222222223
537,0.6870610772645764,1.2203135134294254,0.0,9.0,8.721320707083025,3.0,3.75,2.75
538,1.1973114310605584,1.7415729448050377,1.0,9.0,12.167329161715825,3.0,3.833333333333333,2.7378472222222223
539,-0.23064875721572117,1.3619494237630565,2.0,9.0,5.992765659999787,3.0,3.9166666666666665,2.7013888888888884
540,0.16221978035127374,-0.8223558364322072,3.0,9.0,1.3407723613083755,3.0,4.0,2.640625
541,-0.20047271162424526,1.417353469257635,4.0,9.0,6.055419559979391,3.0,4.083333333333333,2.5555555555555554
542,-0.44739770111270394,-0.687616223519633,5.0,9.0,-0.37022442543589984,3.0,4.166666666666666,2.4461805555555554
543,-0.7464507295500376,0.35142902589750563,6.0,9.0,0.7141048094182681,3.0,4.25,2.3125
544,1.334521369159411,-0.2839187628000717,7.0,9.0,8.117597382412326,3.0,4.333333333333333,2.154513888888889
545,-0.2540504057081838,-1.4371972590547861,8.0,9.0,-0.9850930309683855,3.0,4.416666666666666,1.972222222222222
546,0.8857618580123767,0.6574770439453148,9.0,9.0,8.236072630144875,3.0,4.5,1.765625
547,0.5254208241095188,-1.1097074158471305,10.0,9.0,3.6133749607821253,3.0,4.583333333333333,1.534722222222222
548,-1.0711834819678705,1.04634803422853,11.0,9.0,-0.48735648610366245,3.0,4.666666666666666,1.2795138888888888
549,1.7092312142785495,-1.6963106036602962,12.0,9.0,9.330479589388597,3.0,4.75,1.0
550,-0.8807393555857752,1.028742027913584,-12.0,10.0,1.4604380794396383,3.0,2.833333333333333,1.0
551,0.12228542188582384,-1.2602256025308998,-11.0,10.0,1.8019297848341096,3.0,2.9166666666666665,1.195216049382716
552,-0.004669671751806416,0.9589015654874167,-10.0,10.0,4.075886001230462,3.0,3.0,1.373456790123457
553,2.006517065806677,1.2435844919119552,-9.0,10.0,11.259841180435568,3.0,3.083333333333333,1.5347222222222223
554,1.5554013128797006,1.5101896537115358,-8.0,10.0,10.608671857342651,3.0,3.1666666666666665,1.6790123456790123
555,-0.7671385318668564,0.12362158232712979,-7.0,10.0,0.7397588522914859,3.0,3.25,1.8063271604938271
556,-0.05529166778502146,-1.5654730823348555,-6.0,10.0,-0.5001999122445488,3.0,3.333333333333333,1.9166666666666665
557,-0.3847770120092058,-0.5781548771459393,-5.0,10.0,0.1487962084021458,3.0,3.4166666666666665,2.010030864197531
558,-0.6475661538034947,1.3816132049062675,-4.0,10.0,3.4677423864558206,3.0,3.5,2.0864197530864197
559,0.18222765325353188,0.8887532448794049,-3.0,10.0,5.529860960162748,3.0,3.583333333333333,2.145833333333333
560,1.8057244954036897,0.4117184109860174,-2.0,10.0,11.04380514665778,3.0,3.6666666666666665,2.1882716049382713
561,0.026380919260770262,0.6262925537635875,-1.0,10.0,4.617091134717308,3.0,3.75,2.2137345679012346
562,-1.1627659812950624,-0.9673250272181313,0.0,10.0,-3.5956585126802088,3.0,3.833333333333333,2.2222222222222223
563,-1.1373454028895118,-1.7773616226429467,1.0,10.0,-5.3439970308642035,3.0,3.9166666666666665,2.2137345679012346
564,-0.21305947415390622,0.19294259717181703,2.0,10.0,2.670270201398012,3.0,4.0,2.1882716049382713
565,-0.13622570689399757,0.21770358462948788,3.0,10.0,2.927906024314495,3.0,4.083333333333333,2.145833333333333
566,0.9315857706956456,0.6075954067971432,4.0,10.0,8.471394239973158,3.0,4.166666666666666,2.0864197530864197
567,-0.07562907892673773,1.4721398639662457,5.0,10.0,5.928332071341261,3.0,4.25,2.010030864197531
568,-0.08452892760185368,0.9177028419592228,6.0,10.0,4.157990818399785,3.0,4.333333333333333,1.9166666666666665
569,-1.1307428831899031,0.8073083146053659,7.0,10.0,-0.41534785060572543,3.0,4.416666666666666,1.8063271604938271
570,0.21697841930290143,1.4014733230214491,8.0,10.0,6.481489991622184,3.0,4.5,1.6790123456790123
571,-0.7144528504895749,-0.04776290839961676,9.0,10.0,-0.49402911989527853,3.0,4.583333333333333,1.5347222222222223
572,-1.7471076212100876,1.8777440565202717,10.0,10.0,-2.5063789534189262,3.0,4.666666666666666,1.373456790123457
573,1.0408877173445163,-0.569317493782634,11.0,10.0,7.140806305432944,3.0,4.75,1.195216049382716
574,1.3692020654546289,1.9274197398690094,12.0,10.0,11.510560121406805,3.0,4.833333333333333,1.0
575,-1.6139555601666062,0.39362771770584154,-12.0,11.0,-1.5788632306535286,3.0,2.9166666666666665,1.0
576,-0.38114909619116544,-1.8964826716952292,-11.0,11.0,-0.06447425762872058,3.0,3.0,1.1020447530864197
577,0.17236896081119826,-1.2586923220046684,-10.0,11.0,1.977120676036275,3.0,3.083333333333333,1.195216049382716
578,0.04684596698631618,0.48156075742666155,-9.0,11.0,3.5104099481474336,3.0,3.1666666666666665,1.2795138888888888
579,-1.1096832666748133,-1.6895052600973728,-8.0,11.0,-3.0082150587053142,3.0,3.25,1.3549382716049383
580,-0.1540307447053961,-0.5703010414632577,-7.0,11.0,2.09286747644071,3.0,3.333333333333333,1.4214891975308641
581,0.5210966525305243,1.4870488664718013,-6.0,11.0,7.098451997406115,3.0,3.4166666666666665,1.4791666666666665
582,-0.520583884076502,0.7372837801412857,-5.0,11.0,2.514379737709023,3.0,3.5,1.5279706790123457
583,-1.6033983273541383,-1.8441214350576571,-4.0,11.0,-5.961343547220828,3.0,3.583333333333333,1.567901234567901
584,-0.8837668794368598,-1.7786931412823874,-3.0,11.0,-3.1892120339649597,3.0,3.6666666666666665,1.5989583333333333
585,1.5543666296507022,0.4567789819446137,-2.0,11.0,9.514386878267793,3.0,3.75,1.621141975308642
586,-0.4882594824338913,0.09950039023896214,-1.0,11.0,1.1119481315993869,3.0,3.833333333333333,1.6344521604938271
587,-0.7466945442714832,1.1502864000436464,0.0,11.0,2.2027025219213687,3.0,3.9166666666666665,1.6388888888888888
588,-1.7086200143460188,1.4317941051304135,1.0,11.0,-1.1918244053017877,3.0,4.0,1.6344521604938271
589,1.8328098420584031,-0.3707388908693921,2.0,11.0,9.757299453598199,3.0,4.083333333333333,1.621141975308642
590,-0.5436114105845298,1.3205560863407702,3.0,11.0,3.1670722712639368,3.0,4.166666666666666,1.5989583333333333
591,-0.18819490640791733,-0.7147277359619741,4.0,11.0,0.9610990014720281,3.0,4.25,1.567901234567901
592,-0.9461098278475886,-0.5590591860902825,5.0,11.0,-1.999474732752245,3.0,4.333333333333333,1.5279706790123457
593,-1.939536620688198,-1.3528397093760798,6.0,11.0,-7.520376930099994,3.0,4.416666666666666,1.4791666666666665
594,-0.3628768893854444,-0.9277282719340396,7.0,11.0,-0.1565368569681017,3.0,4.5,1.4214891975308641
595,0.44435683510287216,-0.761116314499551,8.0,11.0,3.9065863413864403,3.0,4.583333333333333,1.3549382716049383
596,1.5003485785548416,-1.4376961942655757,9.0,11.0,8.081763963877114,3.0,4.666666666666666,1.2795138888888888
597,-0.7791328720271666,-1.556406086760035,10.0,11.0,-2.525738591869003,3.0,4.75,1.195216049382716
598,0.9644700375648814,-1.163539741716795,11.0,11.0,6.416391069677172,3.0,4.833333333333333,1.1020447530864197
599,1.914963115374551,1.31404973039083,12.0,11.0,13.626667316318695,3.0,4.916666666666666,1.0
600,0.3872784747788951,0.16692111034515664,-12.0,12.0,4.483254459280912,3.0,3.0,1.0
601,-1.128807183189977,0.09819489646093223,-11.0,12.0,-0.36431561694505393,3.0,3.083333333333333,1.0
602,-1.8075917822809497,1.7667487144698877,-10.0,12.0,-1.0705067010937217,3.0,3.1666666666666665,1.0
603,1.000081056904265,-1.8756296590709984,-9.0,12.0,4.070844641171312,3.0,3.25,1.0
604,0.2304858405197137,0.7085558220619477,-8.0,12.0,4.781958175674138,3.0,3.333333333333333,1.0
605,0.2413069929522709,-0.11547793773026731,-7.0,12.0,3.8867917886497616,3.0,3.4166666666666665,1.0
606,0.13503532813136768,-1.0727892974623459,-6.0,12.0,2.265618730921445,3.0,3.5,1.0
607,1.6295151301848736,-0.033401386529027285,-5.0,12.0,8.734570723991684,3.0,3.583333333333333,1.0
608,1.0772950536341726,0.2839600349400408,-4.0,12.0,7.667609741830396,3.0,3.6666666666666665,1.0
609,-0.8294366463576983,-0.9665016939497166,-3.0,12.0,-1.268479550790974,3.0,3.75,1.0
610,1.0685243032100598,-0.6427406287327899,-2.0,12.0,6.641078069480016,3.0,3.833333333333333,1.0
611,-1.63066589216226,-1.3171456461209543,-1.0,12.0,-4.345728839410449,3.0,3.9166666666666665,1.0
612,0.34804613735009093,0.026945212244268563,0.0,12.0,4.759124036190965,3.0,4.0,1.0
613,-0.9872969126901161,1.6329178503442041,1.0,12.0,0.5384810986428464,3.0,4.083333333333333,1.0
614,1.651375308428237,-0.1435807436727761,2.0,12.0,9.34720772135097,3.0,4.166666666666666,1.0
615,-1.802409432069073,-1.7214923297077995,3.0,12.0,-6.712008229080373,3.0,4.25,1.0
616,-1.6495683893213542,-0.2734428949796038,4.0,12.0,-4.524692928673896,3.0,4.333333333333333,1.0
617,-1.0251485651957823,0.02865477095293097,5.0,12.0,-1.2423560254826316,3.0,4.416666666666666,1.0
618,-0.2590971679985761,-1.307507882637038,6.0,12.0,0.7254060307420448,3.0,4.5,1.0
619,-1.9340019215967006,-0.6548146962192389,7.0,12.0,-6.981822358370236,3.0,4.583333333333333,1.0
620,-1.0484807523023667,1.3828711509610285,8.0,12.0,-0.4754427681472003,3.0,4.666666666666666,1.0
621,-0.8007921237032676,-1.935606733313498,9.0,12.0,-3.189987358281563,3.0,4.75,1.0
622,1.934044011949184,1.210230471344406,10.0,12.0,13.368725839725363,3.0,4.833333333333333,1.0
623,1.5114405507255837,0.19320091875519438,11.0,12.0,10.690112280794859,3.0,4.916666666666666,1.0
624,-0.4720505851863339,0.4792385675100543,12.0,12.0,0.7076037801343609,3.0,5.0,1.0
